-- MariaDB dump 10.17  Distrib 10.5.5-MariaDB, for debian-linux-gnu (x86_64)
--
-- Host: localhost    Database: oracle_hr
-- ------------------------------------------------------
-- Server version	10.5.5-MariaDB-1:10.5.5+maria~focal

/*!40101 SET @OLD_CHARACTER_SET_CLIENT=@@CHARACTER_SET_CLIENT */;
/*!40101 SET @OLD_CHARACTER_SET_RESULTS=@@CHARACTER_SET_RESULTS */;
/*!40101 SET @OLD_COLLATION_CONNECTION=@@COLLATION_CONNECTION */;
/*!40101 SET NAMES utf8mb4 */;
/*!40103 SET @OLD_TIME_ZONE=@@TIME_ZONE */;
/*!40103 SET TIME_ZONE='+00:00' */;
/*!40014 SET @OLD_UNIQUE_CHECKS=@@UNIQUE_CHECKS, UNIQUE_CHECKS=0 */;
/*!40014 SET @OLD_FOREIGN_KEY_CHECKS=@@FOREIGN_KEY_CHECKS, FOREIGN_KEY_CHECKS=0 */;
/*!40101 SET @OLD_SQL_MODE=@@SQL_MODE, SQL_MODE='NO_AUTO_VALUE_ON_ZERO' */;
/*!40111 SET @OLD_SQL_NOTES=@@SQL_NOTES, SQL_NOTES=0 */;

--
-- Table structure for table `departments`
--

DROP TABLE IF EXISTS `departments`;
/*!40101 SET @saved_cs_client     = @@character_set_client */;
/*!40101 SET character_set_client = utf8 */;
CREATE TABLE `departments` (
  `department_id` int(4) NOT NULL,
  `department_name` varchar(30) DEFAULT NULL,
  `manager_id` int(6) DEFAULT NULL,
  `location_id` int(4) DEFAULT NULL,
  PRIMARY KEY (`department_id`)
) ENGINE=InnoDB DEFAULT CHARSET=latin1;
/*!40101 SET character_set_client = @saved_cs_client */;

--
-- Dumping data for table `departments`
--

LOCK TABLES `departments` WRITE;
/*!40000 ALTER TABLE `departments` DISABLE KEYS */;
INSERT INTO `departments` VALUES (10,'Administration',200,1700),(20,'Marketing',201,1800),(50,'Shipping',124,1500),(60,'IT',103,1400),(80,'Sales',149,2500),(90,'Executive',100,1700),(110,'Accounting',205,1700),(190,'Contracting',NULL,1700);
/*!40000 ALTER TABLE `departments` ENABLE KEYS */;
UNLOCK TABLES;

--
-- Table structure for table `employees`
--

DROP TABLE IF EXISTS `employees`;
/*!40101 SET @saved_cs_client     = @@character_set_client */;
/*!40101 SET character_set_client = utf8 */;
CREATE TABLE `employees` (
  `employee_id` int(6) NOT NULL,
  `first_name` varchar(20) DEFAULT NULL,
  `last_name` varchar(25) DEFAULT NULL,
  `email` varchar(25) DEFAULT NULL,
  `phone_number` varchar(20) DEFAULT NULL,
  `hire_date` date DEFAULT NULL,
  `job_id` varchar(10) DEFAULT NULL,
  `salary` decimal(8,2) DEFAULT NULL,
  `commission_pct` decimal(2,2) DEFAULT NULL,
  `manager_id` int(6) DEFAULT NULL,
  `department_id` int(4) DEFAULT NULL,
  PRIMARY KEY (`employee_id`),
  KEY `fk_employees_departments_idx` (`department_id`),
  KEY `fk_employees_employees_idx` (`manager_id`),
  CONSTRAINT `fk_employees_departments` FOREIGN KEY (`department_id`) REFERENCES `departments` (`department_id`) ON DELETE NO ACTION ON UPDATE NO ACTION,
  CONSTRAINT `fk_employees_employees` FOREIGN KEY (`manager_id`) REFERENCES `employees` (`employee_id`) ON DELETE NO ACTION ON UPDATE NO ACTION
) ENGINE=InnoDB DEFAULT CHARSET=latin1;
/*!40101 SET character_set_client = @saved_cs_client */;

--
-- Dumping data for table `employees`
--

LOCK TABLES `employees` WRITE;
/*!40000 ALTER TABLE `employees` DISABLE KEYS */;
INSERT INTO `employees` VALUES (100,'Steven','King','SKING','515.123.4567','1987-06-17','AD_PRES',24000.00,NULL,NULL,90),(101,'Neena','Kochhar','NKOCHHAR','515.123.4568','1989-09-21','AD_VP',17000.00,NULL,100,90),(102,'Lex','De Haan','LDEHAAN','515.123.4569','1993-01-13','AD_VP',17000.00,NULL,100,90),(103,'Alexander','Hunold','AHUNOLD','590.423.4567','1990-01-03','IT_PROG',9000.00,NULL,102,60),(104,'Bruce','Ernst','BERNST','590.423.4568','1991-05-21','IT_PROG',6000.00,NULL,103,60),(107,'Diana','Lorentz','DLORENTZ','590.423.5567','1999-02-07','IT_PROG',4200.00,NULL,103,60),(124,'Kevin','Mourgos','KMOURGOS','650.123.5234','1999-11-16','ST_MAN',5800.00,NULL,100,50),(141,'Trenna','Rajs','TRAJS','650.121.8009','1995-10-17','ST_CLERK',3500.00,NULL,124,50),(142,'Curtis','Davies','CDAVIES','650.121.2994','1997-01-29','ST_CLERK',3100.00,NULL,124,50),(143,'Randall','Matos','RMATOS','650.121.2874','1998-03-15','ST_CLERK',2600.00,NULL,124,50),(144,'Peter','Vargas','PVARGAS','650.121.2004','1998-07-09','ST_CLERK',2500.00,NULL,124,50),(149,'Eleni','Zlotkey','EZLOTKEY','011.44.1344.429018','2000-01-29','SA_MAN',10500.00,0.20,100,80),(174,'Ellen','Abel','EABEL','011.44.1644.429267','1996-05-11','SA_REP',11000.00,0.30,149,80),(176,'Jonathon','Taylor','JTAYLOR','011.44.1644.429265','1998-03-24','SA_REP',8600.00,0.20,149,80),(178,'Kimberely','Grant','KGRANT','011.44.1644.429263','1999-05-24','SA_REP',7000.00,0.15,149,NULL),(200,'Jennifer','Whalen','JWHALEN','515.123.4444','1987-09-17','AD_ASST',4400.00,NULL,101,10),(201,'Michael','Hartstein','MHARTSTE','515.123.5555','1996-02-17','MK_MAN',13000.00,NULL,100,20),(202,'Pat','Fay','PFAY','603.123.6666','1997-08-17','MK_REP',6000.00,NULL,201,20),(205,'Shelley','Higgins','SHIGGINS','515.123.8080','1994-06-07','AC_MGR',12000.00,NULL,101,110),(206,'William','Gietz','WGIETZ','515.123.8181','1994-06-07','AC_ACCOUNT',8300.00,NULL,205,110);
/*!40000 ALTER TABLE `employees` ENABLE KEYS */;
UNLOCK TABLES;

--
-- Table structure for table `job_grades`
--

DROP TABLE IF EXISTS `job_grades`;
/*!40101 SET @saved_cs_client     = @@character_set_client */;
/*!40101 SET character_set_client = utf8 */;
CREATE TABLE `job_grades` (
  `grade_level` varchar(3) NOT NULL,
  `lowest_sal` int(11) DEFAULT NULL,
  `highest_sal` int(11) DEFAULT NULL,
  PRIMARY KEY (`grade_level`)
) ENGINE=InnoDB DEFAULT CHARSET=latin1;
/*!40101 SET character_set_client = @saved_cs_client */;

--
-- Dumping data for table `job_grades`
--

LOCK TABLES `job_grades` WRITE;
/*!40000 ALTER TABLE `job_grades` DISABLE KEYS */;
INSERT INTO `job_grades` VALUES ('A',1000,2999),('B',3000,5999),('C',6000,9999),('D',10000,14999),('E',15000,24999),('F',25000,40000);
/*!40000 ALTER TABLE `job_grades` ENABLE KEYS */;
UNLOCK TABLES;
/*!40103 SET TIME_ZONE=@OLD_TIME_ZONE */;

/*!40101 SET SQL_MODE=@OLD_SQL_MODE */;
/*!40014 SET FOREIGN_KEY_CHECKS=@OLD_FOREIGN_KEY_CHECKS */;
/*!40014 SET UNIQUE_CHECKS=@OLD_UNIQUE_CHECKS */;
/*!40101 SET CHARACTER_SET_CLIENT=@OLD_CHARACTER_SET_CLIENT */;
/*!40101 SET CHARACTER_SET_RESULTS=@OLD_CHARACTER_SET_RESULTS */;
/*!40101 SET COLLATION_CONNECTION=@OLD_COLLATION_CONNECTION */;
/*!40111 SET SQL_NOTES=@OLD_SQL_NOTES */;

-- Dump completed on 2020-10-12 21:43:05
